{"cameraMode":{"drawMode":0,"name":"Shaded","section":"Shading Mode"},"sceneLighting":false,"audioPlay":false,"sceneViewState":{"m_AlwaysRefresh":false,"showFog":false,"showSkybox":false,"showFlares":false,"showImageEffects":false,"showParticleSystems":false,"showVisualEffectGraphs":false,"m_FxEnabled":true},"in2DMode":false,"pivot":{"x":-0.025573909282684327,"y":0.8299241065979004,"z":0.009791791439056397},"rotation":{"x":-0.13099098205566407,"y":-0.7543575763702393,"z":0.15878021717071534,"w":-0.6234461665153503},"size":1.3842885494232178,"orthographic":false}