{"cameraMode":{"drawMode":0,"name":"Shaded","section":"Shading Mode"},"sceneLighting":true,"audioPlay":false,"sceneViewState":{"m_AlwaysRefresh":true,"showFog":true,"showSkybox":true,"showFlares":true,"showImageEffects":true,"showParticleSystems":true,"showVisualEffectGraphs":false,"m_FxEnabled":true},"in2DMode":false,"pivot":{"x":-11.845733642578125,"y":8.532506942749024,"z":-35.75262451171875},"rotation":{"x":-0.13667279481887818,"y":0.8590898513793945,"z":-0.39172154664993288,"w":-0.29974010586738589},"size":1.4418628215789796,"orthographic":false}