{"cameraMode":{"drawMode":0,"name":"Shaded","section":"Shading Mode"},"sceneLighting":true,"audioPlay":false,"sceneViewState":{"m_AlwaysRefresh":true,"showFog":true,"showSkybox":true,"showFlares":true,"showImageEffects":true,"showParticleSystems":true,"showVisualEffectGraphs":false,"m_FxEnabled":true},"in2DMode":false,"pivot":{"x":49.697723388671878,"y":0.435148149728775,"z":56.007476806640628},"rotation":{"x":-0.08817994594573975,"y":-0.8322164416313171,"z":0.13857534527778626,"w":-0.5295630693435669},"size":13.136499404907227,"orthographic":false}