{"cameraMode":{"drawMode":0,"name":"Shaded","section":"Shading Mode"},"sceneLighting":false,"audioPlay":false,"sceneViewState":{"m_AlwaysRefresh":false,"showFog":false,"showSkybox":false,"showFlares":false,"showImageEffects":false,"showParticleSystems":false,"showVisualEffectGraphs":false,"m_FxEnabled":true},"in2DMode":false,"pivot":{"x":0.038878560066223147,"y":0.35838818550109866,"z":0.25185298919677737},"rotation":{"x":-0.12239483743906021,"y":-0.27686962485313418,"z":0.03558729961514473,"w":-0.9524281620979309},"size":1.3097363710403443,"orthographic":false}