{"cameraMode":{"drawMode":0,"name":"Shaded","section":"Shading Mode"},"sceneLighting":false,"audioPlay":false,"sceneViewState":{"m_AlwaysRefresh":true,"showFog":true,"showSkybox":false,"showFlares":true,"showImageEffects":true,"showParticleSystems":true,"showVisualEffectGraphs":false,"m_FxEnabled":true},"in2DMode":false,"pivot":{"x":-7.152557373046875e-7,"y":-0.793529212474823,"z":0.00000286102294921875},"rotation":{"x":-0.027141787111759187,"y":-0.972615122795105,"z":0.17130225896835328,"w":-0.15511929988861085},"size":0.9661695957183838,"orthographic":false}