{"cameraMode":{"drawMode":0,"name":"Shaded","section":"Shading Mode"},"sceneLighting":false,"audioPlay":false,"sceneViewState":{"m_AlwaysRefresh":false,"showFog":false,"showSkybox":false,"showFlares":false,"showImageEffects":false,"showParticleSystems":false,"showVisualEffectGraphs":false,"m_FxEnabled":true},"in2DMode":false,"pivot":{"x":0.7944349050521851,"y":1.0966814756393433,"z":-0.9527310132980347},"rotation":{"x":-0.028982076793909074,"y":-0.9568424224853516,"z":0.10259265452623368,"w":-0.27037933468818667},"size":1.256044626235962,"orthographic":false}