{"cameraMode":{"drawMode":0,"name":"Shaded","section":"Shading Mode"},"sceneLighting":false,"audioPlay":false,"sceneViewState":{"m_AlwaysRefresh":true,"showFog":true,"showSkybox":false,"showFlares":true,"showImageEffects":true,"showParticleSystems":true,"showVisualEffectGraphs":false,"m_FxEnabled":true},"in2DMode":false,"pivot":{"x":-0.002415269613265991,"y":0.5444958209991455,"z":-0.0034833550453186037},"rotation":{"x":0.06848014146089554,"y":0.9152623414993286,"z":-0.17687200009822846,"w":0.35559871792793276},"size":0.7739521265029907,"orthographic":false}