{"cameraMode":{"drawMode":0,"name":"Shaded","section":"Shading Mode"},"sceneLighting":false,"audioPlay":false,"sceneViewState":{"m_AlwaysRefresh":false,"showFog":false,"showSkybox":false,"showFlares":false,"showImageEffects":false,"showParticleSystems":false,"showVisualEffectGraphs":false,"m_FxEnabled":true},"in2DMode":false,"pivot":{"x":0.13186293840408326,"y":1.1736289262771607,"z":-1.3282748460769654},"rotation":{"x":-0.0020735878497362139,"y":-0.9977304935455322,"z":0.054245274513959888,"w":-0.040764596313238147},"size":1.4402605295181275,"orthographic":false}