{"cameraMode":{"drawMode":0,"name":"Shaded","section":"Shading Mode"},"sceneLighting":false,"audioPlay":false,"sceneViewState":{"m_AlwaysRefresh":false,"showFog":false,"showSkybox":false,"showFlares":false,"showImageEffects":false,"showParticleSystems":false,"showVisualEffectGraphs":false,"m_FxEnabled":true},"in2DMode":false,"pivot":{"x":-0.017885208129882814,"y":0.7439011335372925,"z":-0.0040111541748046879},"rotation":{"x":-0.10722187161445618,"y":-0.8406574726104736,"z":0.18084292113780976,"w":-0.49919119477272036},"size":1.4833533763885499,"orthographic":false}