{"cameraMode":{"drawMode":0,"name":"Shaded","section":"Shading Mode"},"sceneLighting":true,"audioPlay":false,"sceneViewState":{"m_AlwaysRefresh":true,"showFog":false,"showSkybox":false,"showFlares":true,"showImageEffects":true,"showParticleSystems":true,"showVisualEffectGraphs":false,"m_FxEnabled":true},"in2DMode":false,"pivot":{"x":-0.14854030311107636,"y":1.266047716140747,"z":0.09476309269666672},"rotation":{"x":0.11814655363559723,"y":-0.8635531067848206,"z":0.23786550760269166,"w":0.4287087321281433},"size":0.9803896546363831,"orthographic":false}