{"cameraMode":{"drawMode":0,"name":"Shaded","section":"Shading Mode"},"sceneLighting":false,"audioPlay":false,"sceneViewState":{"m_AlwaysRefresh":true,"showFog":false,"showSkybox":false,"showFlares":true,"showImageEffects":true,"showParticleSystems":true,"showVisualEffectGraphs":false,"m_FxEnabled":true},"in2DMode":false,"pivot":{"x":0.2576232850551605,"y":1.0109814405441285,"z":-0.4839865565299988},"rotation":{"x":0.022298036143183709,"y":0.9656922221183777,"z":-0.08893077820539475,"w":0.24309201538562776},"size":0.9652987122535706,"orthographic":false}