{"cameraMode":{"drawMode":0,"name":"Shaded","section":"Shading Mode"},"sceneLighting":false,"audioPlay":false,"sceneViewState":{"m_AlwaysRefresh":false,"showFog":false,"showSkybox":false,"showFlares":false,"showImageEffects":false,"showParticleSystems":false,"showVisualEffectGraphs":false,"m_FxEnabled":true},"in2DMode":false,"pivot":{"x":0.025145649909973146,"y":0.8012590408325195,"z":0.050053298473358157},"rotation":{"x":-0.10722187161445618,"y":-0.8406574726104736,"z":0.18084292113780976,"w":-0.49919119477272036},"size":1.4275577068328858,"orthographic":false}